"id";"lang";"label"
"Q40811";"fr";"Soukhoumi"
"Q40811";"fr";"Suhumi"
"Q40811";"fr";"Tskhoumi"
"Q40811";"fr";"<U+10E1><U+10DD><U+10EE><U+10E3><U+10DB><U+10D8>"
"Q40811";"fr";"Sukhumi"
"Q40811";"fr";"<U+0410><U+049F><U+0259><U+0430>"
"Q40811";"fr";"Sokhoumi"
"Q40811";"fr";"Soukhoum"
"Q31354462";"fr";"Abkhazie"
"Q5838";"fr";"Kaboul"
"Q889";"fr";"Afghanistan"
"Q889";"fr";"pays des Cavaliers"
"Q889";"fr";"AF"
"Q889";"fr";"Af."
"Q3897";"fr";"Luanda"
"Q916";"fr";"Angola"
"Q916";"fr";"AO"
"Q916";"fr";"République d’Angola"
"Q19689";"fr";"Tirana"
"Q19689";"fr";"Tiranë"
"Q222";"fr";"Albanie"
"Q222";"fr";"République d'Albanie"
"Q222";"fr";"AL"
"Q222";"fr";"la République d’Albanie"
"Q1863";"fr";"Andorre-la-Vieille"
"Q1863";"fr";"Andorre-la-vieille"
"Q228";"fr";"Andorre"
"Q228";"fr";"Principauté d'Andorre"
"Q228";"fr";"AD"
"Q228";"fr";"la Principauté d’Andorre"
"Q1519";"fr";"Abou Dabi"
"Q1519";"fr";"Aboû Dabî"
"Q1519";"fr";"Abu Dhabi"
"Q1519";"fr";"Abou Dhabi"
"Q878";"fr";"Émirats arabes unis"
"Q878";"fr";"É.A.U."
"Q878";"fr";"AE"
"Q878";"fr";"les Émirats arabes unis"
"Q878";"fr";"Émirats Arabes Unis"
"Q878";"fr";"Émirats"
"Q878";"fr";"Émir. ar. unis"
"Q1486";"fr";"Buenos Aires"
"Q414";"fr";"Argentine"
"Q414";"fr";"République argentine"
"Q414";"fr";"AR"
"Q414";"fr";"la République argentine"
"Q414";"fr";"Arg."
"Q1953";"fr";"Erevan"
"Q1953";"fr";"Iérevan"
"Q1953";"fr";"Yerevan"
"Q399";"fr";"Arménie"
"Q399";"fr";"AM"
"Q399";"fr";"la République d’Arménie"
"Q399";"fr";"<U+0001F1E6><U+0001F1F2>"
"Q36262";"fr";"Saint John's"
"Q36262";"fr";"St John's"
"Q36262";"fr";"TAPA"
"Q781";"fr";"Antigua-et-Barbuda"
"Q781";"fr";"Antigue-et-Barbude"
"Q781";"fr";"Antigua-et-barbuda"
"Q781";"fr";"AG"
"Q3114";"fr";"Canberra"
"Q408";"fr";"Australie"
"Q408";"fr";"AU"
"Q408";"fr";"le Commonwealth d’Australie"
"Q408";"fr";"Austr."
"Q1741";"fr";"Vienne"
"Q1741";"fr";"Wien"
"Q40";"fr";"Autriche"
"Q40";"fr";"AUT"
"Q40";"fr";"AT"
"Q40";"fr";"la République d’Autriche"
"Q40";"fr";"Autr."
"Q40";"fr";"Aut."
"Q9248";"fr";"Bakou"
"Q227";"fr";"Azerbaïdjan"
"Q227";"fr";"AZ"
"Q227";"fr";"la République d’Azerbaïdjan"
"Q167551";"fr";"Gitega"
"Q967";"fr";"Burundi"
"Q967";"fr";"République du Burundi"
"Q967";"fr";"BI"
"Q967";"fr";"la République du Burundi"
"Q239";"fr";"Bruxelles"
"Q239";"fr";"ville de Bruxelles"
"Q239";"fr";"BXL"
"Q239";"fr";"02"
"Q239";"fr";"Bruxelles-Ville"
"Q31";"fr";"Belgique"
"Q31";"fr";"Royaume de Belgique"
"Q31";"fr";"BE"
"Q31";"fr";"<U+0001F1E7><U+0001F1EA>"
"Q31";"fr";"Belg."
"Q31";"fr";"be"
"Q3799";"fr";"Porto-Novo"
"Q962";"fr";"Bénin"
"Q962";"fr";"La République du Bénin"
"Q962";"fr";"BJ"
"Q962";"fr";"la République du Bénin"
"Q3777";"fr";"Ouagadougou"
"Q965";"fr";"Burkina Faso"
"Q965";"fr";"Burkina"
"Q965";"fr";"BF"
"Q965";"fr";"le Burkina Faso"
"Q965";"fr";"Burk. Faso"
"Q965";"fr";"Burk. F."
"Q1354";"fr";"Dacca"
"Q1354";"fr";"Dhaka"
"Q902";"fr";"Bangladesh"
"Q902";"fr";"BD"
"Q902";"fr";"la République populaire du Bangladesh"
"Q472";"fr";"Sofia"
"Q219";"fr";"Bulgarie"
"Q219";"fr";"BG"
"Q219";"fr";"la République de Bulgarie"
"Q219";"fr";"Bulg."
"Q3882";"fr";"Manama"
"Q398";"fr";"Bahreïn"
"Q398";"fr";"Royaume de Bahreïn"
"Q398";"fr";"BH"
"Q398";"fr";"le Royaume de Bahreïn"
"Q2467";"fr";"Nassau"
"Q778";"fr";"Bahamas"
"Q778";"fr";"BS"
"Q778";"fr";"le Commonwealth des Bahamas"
"Q778";"fr";"<U+0001F1E7><U+0001F1F8>"
"Q778";"fr";"Les Bahamas"
"Q11194";"fr";"Sarajevo"
"Q225";"fr";"Bosnie-Herzégovine"
"Q225";"fr";"Bosnie-et-Herzégovine"
"Q225";"fr";"Bosnie et Herzégovine"
"Q225";"fr";"ba"
"Q225";"fr";"Bosnie-herzégovine"
"Q225";"fr";"BA"
"Q225";"fr";"la Bosnie-Herzégovine"
"Q2280";"fr";"Minsk"
"Q184";"fr";"Biélorussie"
"Q184";"fr";"Bélarus"
"Q184";"fr";"Belarus"
"Q184";"fr";"BLR"
"Q184";"fr";"BY"
"Q184";"fr";"la République de Biélorussie"
"Q184";"fr";"Biélor."
"Q3043";"fr";"Belmopan"
"Q3043";"fr";"Belmopán"
"Q3043";"fr";"Belmopan"
"Q242";"fr";"Belize"
"Q242";"fr";"Bélize"
"Q242";"fr";"BZ"
"Q242";"fr";"le Bélize"
"Q1491";"fr";"La Paz"
"Q750";"fr";"Bolivie"
"Q750";"fr";"BO"
"Q750";"fr";"l’État plurinational de Bolivie"
"Q2844";"fr";"Brasilia"
"Q155";"fr";"Brésil"
"Q155";"fr";"République fédérative du Brésil"
"Q155";"fr";"Brésilienne"
"Q155";"fr";"Brésilien"
"Q155";"fr";"Brézil"
"Q155";"fr";"Amérique lusophone"
"Q155";"fr";"Auriverde"
"Q155";"fr";"République des États-Unis du Brésil"
"Q155";"fr";"Brazil"
"Q155";"fr";"Brasil"
"Q155";"fr";"la République fédérative du Brésil"
"Q155";"fr";"BR"
"Q155";"fr";"Brés."
"Q155";"fr";"Bré."
"Q36168";"fr";"Bridgetown"
"Q244";"fr";"Barbade"
"Q244";"fr";"brb"
"Q244";"fr";"bb"
"Q244";"fr";"BB"
"Q244";"fr";"la Barbade"
"Q9279";"fr";"Bandar Seri Begawan"
"Q9279";"fr";"Bandar Seri Begawan"
"Q921";"fr";"Brunei"
"Q921";"fr";"Brunéi"
"Q921";"fr";"Brunei Darussalam"
"Q921";"fr";"Brunéi Darussalam"
"Q921";"fr";"BN"
"Q921";"fr";"le Brunei Darussalam"
"Q9270";"fr";"Thimphou"
"Q917";"fr";"Bhoutan"
"Q917";"fr";"BT"
"Q917";"fr";"le Royaume du Bhoutan"
"Q3919";"fr";"Gaborone"
"Q963";"fr";"Botswana"
"Q963";"fr";"BW"
"Q963";"fr";"la République du Botswana"
"Q3832";"fr";"Bangui"
"Q929";"fr";"République centrafricaine"
"Q929";"fr";"Centrafrique"
"Q929";"fr";"CF"
"Q929";"fr";"la République centrafricaine"
"Q1930";"fr";"Ottawa"
"Q1930";"fr";"Bytown"
"Q16";"fr";"Canada"
"Q16";"fr";"CA"
"Q16";"fr";"le Canada"
"Q16";"fr";"Can."
"Q16";"fr";"Can"
"Q16";"fr";"CDN"
"Q70";"fr";"Berne"
"Q70";"fr";"Bern"
"Q39";"fr";"Suisse"
"Q39";"fr";"Confédération helvétique"
"Q39";"fr";"Confédération suisse"
"Q39";"fr";"SUI"
"Q39";"fr";"Helvétie"
"Q39";"fr";"CHE"
"Q39";"fr";"CH"
"Q39";"fr";"la Confédération suisse"
"Q2887";"fr";"Santiago"
"Q2887";"fr";"Santiago du Chili"
"Q298";"fr";"Chili"
"Q298";"fr";"CL"
"Q298";"fr";"la République du Chili"
"Q956";"fr";"Pékin"
"Q956";"fr";"Beijing"
"Q148";"fr";"République populaire de Chine"
"Q148";"fr";"Chine communiste"
"Q148";"fr";"Chine populaire"
"Q148";"fr";"RPC"
"Q148";"fr";"Chine continentale"
"Q148";"fr";"Chine"
"Q148";"fr";"CN"
"Q148";"fr";"la République populaire de Chine"
"Q3768";"fr";"Yamoussoukro"
"Q1008";"fr";"Côte d'Ivoire"
"Q1008";"fr";"Côte d’Ivoire"
"Q1008";"fr";"Côte-d’Ivoire"
"Q1008";"fr";"Côte-d'Ivoire"
"Q1008";"fr";"Côte D’ivoire"
"Q1008";"fr";"CI"
"Q1008";"fr";"la République de Côte d’Ivoire"
"Q3808";"fr";"Yaoundé"
"Q3808";"fr";"Yaounde, Ongola"
"Q1009";"fr";"Cameroun"
"Q1009";"fr";"République du Cameroun"
"Q1009";"fr";"CMR"
"Q1009";"fr";"CM"
"Q1009";"fr";"la République du Cameroun"
"Q3838";"fr";"Kinshasa"
"Q3838";"fr";"Léopoldville"
"Q974";"fr";"République démocratique du Congo"
"Q974";"fr";"Congo-Kinshasa"
"Q974";"fr";"RDC"
"Q974";"fr";"Congo"
"Q974";"fr";"RD Congo"
"Q974";"fr";"CD"
"Q974";"fr";"la République démocratique du Congo"
"Q3844";"fr";"Brazzaville"
"Q971";"fr";"République du Congo"
"Q971";"fr";"Congo-Brazzaville"
"Q971";"fr";"Congo"
"Q971";"fr";"CG"
"Q971";"fr";"RC"
"Q2841";"fr";"Bogota"
"Q2841";"fr";"Santa Fe de Bogotá"
"Q2841";"fr";"Bogotá"
"Q2841";"fr";"Bogotá D.C."
"Q739";"fr";"Colombie"
"Q739";"fr";"République de Colombie"
"Q739";"fr";"CO"
"Q739";"fr";"la République de Colombie"
"Q739";"fr";"Col."
"Q3901";"fr";"Moroni"
"Q970";"fr";"Comores"
"Q970";"fr";"Union des Comores"
"Q970";"fr";"KM"
"Q970";"fr";"l’Union des Comores"
"Q3751";"fr";"Praia"
"Q1011";"fr";"Cap-Vert"
"Q1011";"fr";"îles du Cap-Vert"
"Q1011";"fr";"Cabo Verde"
"Q1011";"fr";"CV"
"Q1011";"fr";"la République du Cap-Vert"
"Q1011";"fr";"Cap-vert"
"Q1011";"fr";"Cap-V."
"Q3070";"fr";"San José"
"Q3070";"fr";"San Jose"
"Q3070";"fr";"San José (Costa Rica)"
"Q800";"fr";"Costa Rica"
"Q800";"fr";"Costa-Rica"
"Q800";"fr";"CRC"
"Q800";"fr";"CR"
"Q800";"fr";"la République du Costa Rica"
"Q1563";"fr";"La Havane"
"Q241";"fr";"Cuba"
"Q241";"fr";"<U+0001F1E8><U+0001F1FA>"
"Q241";"fr";"CU"
"Q241";"fr";"la République de Cuba"
"Q23681";"fr";"Chypre du Nord"
"Q23681";"fr";"République turque de Chypre du nord"
"Q23681";"fr";"État turc de Chypre"
"Q23681";"fr";"Chypre-Nord"
"Q23681";"fr";"Chypre Nord"
"Q23681";"fr";"État chypriote turc"
"Q3856";"fr";"Nicosie"
"Q229";"fr";"Chypre"
"Q229";"fr";"Chypre-Sud"
"Q229";"fr";"République de Chypre"
"Q229";"fr";"république de Chypre"
"Q229";"fr";"Chypriotes"
"Q1085";"fr";"Prague"
"Q213";"fr";"Tchéquie"
"Q213";"fr";"cz"
"Q213";"fr";"République tchèque"
"Q213";"fr";"CZ"
"Q213";"fr";"la République tchèque"
"Q213";"fr";"Rép. tch."
"Q213";"fr";"Bohémie"
"Q64";"fr";"Berlin"
"Q183";"fr";"Allemagne"
"Q183";"fr";"RFA"
"Q183";"fr";"République fédérale allemande"
"Q183";"fr";"République fédérale d'Allemagne"
"Q183";"fr";"de"
"Q183";"fr";"GER"
"Q183";"fr";"BR Deutschland"
"Q183";"fr";"BRD"
"Q183";"fr";"Bundesrepublik Deutschland"
"Q183";"fr";"Deutschland"
"Q183";"fr";"DE"
"Q183";"fr";"la République fédérale d’Allemagne"
"Q183";"fr";"All."
"Q183";"fr";"R. F. A."
"Q3604";"fr";"Djibouti"
"Q977";"fr";"Djibouti"
"Q977";"fr";"DJ"
"Q977";"fr";"la République de Djibouti"
"Q36281";"fr";"Roseau"
"Q784";"fr";"Dominique"
"Q784";"fr";"dm"
"Q784";"fr";"Dominica"
"Q784";"fr";"DM"
"Q784";"fr";"le Commonwealth de Dominique"
"Q1748";"fr";"Copenhague"
"Q1748";"fr";"København"
"Q35";"fr";"Danemark"
"Q35";"fr";"DK"
"Q35";"fr";"Dan."
"Q35";"fr";"royaume du Danemark"
"Q35";"fr";"Danemark (pays constitutif)"
"Q35";"fr";"Danemark propre"
"Q35";"fr";"Danemark métropolitain"
"Q34820";"fr";"Saint-Domingue"
"Q34820";"fr";"Ciudad Trujillo"
"Q34820";"fr";"Ville de Saint-Domingue"
"Q34820";"fr";"San Domingo"
"Q34820";"fr";"Saint Domingue"
"Q34820";"fr";"Santo Dominguo"
"Q34820";"fr";"Santo-Domingo"
"Q34820";"fr";"Santo Domingo de Guzmán"
"Q34820";"fr";"Saint-domingue"
"Q34820";"fr";"Dominicaine"
"Q786";"fr";"République dominicaine"
"Q786";"fr";"Dominicaine"
"Q786";"fr";"DO"
"Q786";"fr";"la République dominicaine"
"Q3561";"fr";"Alger"
"Q3561";"fr";"<U+0644><U+062C><U+0632><U+0627><U+0626><U+0631>"
"Q3561";"fr";"<U+2D37><U+2D63><U+2D30><U+2D62><U+2D3B><U+2D54>"
"Q262";"fr";"Algérie"
"Q262";"fr";"République algérienne démocratique et populaire"
"Q262";"fr";"RADP"
"Q262";"fr";"dz"
"Q262";"fr";"Algerie"
"Q262";"fr";"DZ"
"Q262";"fr";"la République algérienne démocratique populaire"
"Q262";"fr";"Alg."
"Q2900";"fr";"Quito"
"Q2900";"fr";"San Francisco de Quito"
"Q2900";"fr";"UIO"
"Q736";"fr";"Équateur"
"Q736";"fr";"ecu"
"Q736";"fr";"ec"
"Q736";"fr";"République de l'Équateur"
"Q736";"fr";"République d'Équateur"
"Q736";"fr";"L’Équateur"
"Q736";"fr";"ECU"
"Q736";"fr";"EC"
"Q736";"fr";"la République d’Équateur"
"Q85";"fr";"Le Caire"
"Q85";"fr";"Caire"
"Q85";"fr";"Cairo"
"Q85";"fr";"Le Kaire"
"Q79";"fr";"Égypte"
"Q79";"fr";"Egypte"
"Q79";"fr";"EG"
"Q79";"fr";"la République arabe d’Égypte"
"Q79";"fr";"Ég."
"Q3642";"fr";"Asmara"
"Q3642";"fr";"Asmera"
"Q986";"fr";"Érythrée"
"Q986";"fr";"Erythrée"
"Q986";"fr";"ER"
"Q986";"fr";"État d'Érythrée"
"Q6250";"fr";"Sahara occidental"
"Q2807";"fr";"Madrid"
"Q2807";"fr";"Ville de Madrid"
"Q2807";"fr";"Madrid (Espagne)"
"Q29";"fr";"Espagne"
"Q29";"fr";"Royaume d'Espagne"
"Q29";"fr";"État espagnol"
"Q29";"fr";"ES"
"Q29";"fr";"ESP"
"Q29";"fr";"<U+0001F1EA><U+0001F1F8>"
"Q29";"fr";"Esp."
"Q1770";"fr";"Tallinn"
"Q1770";"fr";"Reval"
"Q191";"fr";"Estonie"
"Q191";"fr";"Esthonie"
"Q191";"fr";"République d’Estonie"
"Q191";"fr";"EE"
"Q191";"fr";"la République d’Estonie"
"Q3624";"fr";"Addis-Abeba"
"Q3624";"fr";"Addis Abeba"
"Q3624";"fr";"Addis Abäba"
"Q3624";"fr";"Finfinne"
"Q115";"fr";"Éthiopie"
"Q115";"fr";"République fédérale démocratique d'Éthiopie"
"Q115";"fr";"ET"
"Q115";"fr";"la République démocratique fédérale d’Éthiopie"
"Q1757";"fr";"Helsinki"
"Q1757";"fr";"Helsingfors"
"Q33";"fr";"Finlande"
"Q33";"fr";"FI"
"Q33";"fr";"la République de Finlande"
"Q33";"fr";"Finl."
"Q33";"fr";"Fin."
"Q38807";"fr";"Suva"
"Q712";"fr";"Fidji"
"Q712";"fr";"îles Fidji"
"Q712";"fr";"Fiji"
"Q712";"fr";"îles Fiji"
"Q712";"fr";"République des Fidji"
"Q712";"fr";"République des îles Fidji"
"Q712";"fr";"FJ"
"Q712";"fr";"la République des Fidji"
"Q90";"fr";"Paris"
"Q90";"fr";"Ville-Lumière"
"Q90";"fr";"Paname"
"Q90";"fr";"Lutèce"
"Q90";"fr";"Ville de l'Amour"
"Q90";"fr";"FR-75"
"Q142";"fr";"France"
"Q142";"fr";"FR"
"Q142";"fr";"République française"
"Q142";"fr";"FRA"
"Q142";"fr";"RF"
"Q142";"fr";"fr"
"Q142";"fr";"la République française"
"Q142";"fr";"Fr."
"Q142";"fr";"La France"
"Q142";"fr";"L'Hexagone"
"Q142";"fr";"Fille aînée de l'Église"
"Q142";"fr";"Pays de Molière"
"Q42751";"fr";"Palikir"
"Q702";"fr";"États fédérés de Micronésie"
"Q702";"fr";"Micronésie"
"Q702";"fr";"EFM"
"Q702";"fr";"FM"
"Q702";"fr";"les États fédérés de Micronésie"
"Q3825";"fr";"Libreville"
"Q1000";"fr";"Gabon"
"Q1000";"fr";"République gabonaise"
"Q1000";"fr";"GA"
"Q1000";"fr";"la République gabonaise"
"Q84";"fr";"Londres"
"Q84";"fr";"London"
"Q145";"fr";"Royaume-Uni"
"Q145";"fr";"UK"
"Q145";"fr";"Royaume-Uni de Grande-Bretagne et d’Irlande du Nord"
"Q145";"fr";"Royaume Uni"
"Q145";"fr";"GB"
"Q145";"fr";"GBR"
"Q145";"fr";"le Royaume-Uni de Grande-Bretagne et d’Irlande du Nord"
"Q145";"fr";"Royaume-uni"
"Q145";"fr";"<U+0001F1EC><U+0001F1E7>"
"Q145";"fr";"R.-U."
"Q145";"fr";"R.U."
"Q145";"fr";"Grande-Bretagne"
"Q994";"fr";"Tbilissi"
"Q994";"fr";"Tiflis"
"Q230";"fr";"Géorgie"
"Q230";"fr";"république de Géorgie"
"Q230";"fr";"GE"
"Q230";"fr";"Géorgie (Pays)"
"Q230";"fr";"Géorg."
"Q3761";"fr";"Accra"
"Q117";"fr";"Ghana"
"Q117";"fr";"République du Ghana"
"Q117";"fr";"GH"
"Q117";"fr";"la République du Ghana"
"Q3733";"fr";"Conakry"
"Q1006";"fr";"Guinée"
"Q1006";"fr";"Guinée-Conakry"
"Q1006";"fr";"République de Guinée"
"Q1006";"fr";"GN"
"Q1006";"fr";"la République de Guinée"
"Q3726";"fr";"Banjul"
"Q1005";"fr";"Gambie"
"Q1005";"fr";"GM"
"Q1005";"fr";"la République de Gambie"
"Q3739";"fr";"Bissau"
"Q3739";"fr";"Bissao"
"Q1007";"fr";"Guinée-Bissau"
"Q1007";"fr";"Guinée-Bissao"
"Q1007";"fr";"Guinée Bissau"
"Q1007";"fr";"Guinée-bissao"
"Q1007";"fr";"GW"
"Q1007";"fr";"la République de Guinée-Bissao"
"Q1007";"fr";"la République de Guinée-Bissau"
"Q1007";"fr";"GB."
"Q3818";"fr";"Malabo"
"Q983";"fr";"Guinée équatoriale"
"Q983";"fr";"Guinée-Équatoriale"
"Q983";"fr";"GQ"
"Q983";"fr";"la République de Guinée équatoriale"
"Q983";"fr";"Guinée Équatoriale"
"Q1524";"fr";"Athènes"
"Q1524";"fr";"Athenes"
"Q41";"fr";"Grèce"
"Q41";"fr";"GR"
"Q41";"fr";"République hellénique"
"Q41547";"fr";"Saint-Georges"
"Q41547";"fr";"St. George's"
"Q41547";"fr";"Saint George's"
"Q41547";"fr";"Saint-georges"
"Q769";"fr";"Grenade"
"Q769";"fr";"gd"
"Q769";"fr";"grd"
"Q769";"fr";"GD"
"Q769";"fr";"la Grenade"
"Q1555";"fr";"Guatemala-Ville"
"Q774";"fr";"Guatemala"
"Q774";"fr";"Guatémala"
"Q774";"fr";"GT"
"Q774";"fr";"République du Guatémala"
"Q10717";"fr";"Georgetown"
"Q734";"fr";"Guyana"
"Q734";"fr";"GY"
"Q734";"fr";"la République coopérative du Guyana"
"Q3238";"fr";"Tegucigalpa"
"Q783";"fr";"Honduras"
"Q783";"fr";"HN"
"Q783";"fr";"la République du Honduras"
"Q1435";"fr";"Zagreb"
"Q224";"fr";"Croatie"
"Q224";"fr";"HR"
"Q224";"fr";"la République de Croatie"
"Q34261";"fr";"Port-au-Prince"
"Q34261";"fr";"Port au Prince"
"Q34261";"fr";"Port-Républicain"
"Q34261";"fr";"Port-au-prince"
"Q790";"fr";"Haïti"
"Q790";"fr";"République d'Haïti"
"Q790";"fr";"HT"
"Q790";"fr";"la République d’Haïti"
"Q1781";"fr";"Budapest"
"Q28";"fr";"Hongrie"
"Q28";"fr";"HU"
"Q28";"fr";"la Hongrie"
"Q3630";"fr";"Jakarta"
"Q3630";"fr";"Djakarta"
"Q3630";"fr";"Batavia"
"Q252";"fr";"Indonésie"
"Q252";"fr";"ID"
"Q252";"fr";"la République d’Indonésie"
"Q987";"fr";"New Delhi"
"Q987";"fr";"Nouvelle-Delhi"
"Q987";"fr";"Nouvelle Delhi"
"Q668";"fr";"Inde"
"Q668";"fr";"République d'Inde"
"Q668";"fr";"Bharat"
"Q668";"fr";"IN"
"Q668";"fr";"la République de l’Inde"
"Q668";"fr";"Hindustan"
"Q668";"fr";"Bharatvarsh"
"Q1761";"fr";"Dublin"
"Q1761";"fr";"Baile Átha Cliath"
"Q27";"fr";"Irlande"
"Q27";"fr";"République d'Irlande"
"Q27";"fr";"Éire"
"Q27";"fr";"Ireland"
"Q27";"fr";"<U+0001F1EE><U+0001F1EA>"
"Q27";"fr";"IE"
"Q27";"fr";"l’Irlande"
"Q27";"fr";"Irl."
"Q3616";"fr";"Téhéran"
"Q794";"fr";"Iran"
"Q794";"fr";"Perse"
"Q794";"fr";"République islamique d'Iran"
"Q794";"fr";"IR"
"Q794";"fr";"la République islamique d’Iran"
"Q1530";"fr";"Bagdad"
"Q796";"fr";"Irak"
"Q796";"fr";"Iraq"
"Q796";"fr";"IQ"
"Q796";"fr";"République d’Irak"
"Q796";"fr";"al-‘Iraq"
"Q796";"fr";"IRQ"
"Q796";"fr";"<U+0001F1EE><U+0001F1F6>"
"Q1764";"fr";"Reykjavik"
"Q1764";"fr";"Reykjavík"
"Q189";"fr";"Islande"
"Q189";"fr";"République d'Islande"
"Q189";"fr";"IS"
"Q189";"fr";"la République d’Islande"
"Q189";"fr";"Isl."
"Q1218";"fr";"Jérusalem"
"Q1218";"fr";"Salem"
"Q1218";"fr";"Solyme"
"Q1218";"fr";"Hiérosolyme"
"Q1218";"fr";"Al Quds"
"Q1218";"fr";"Yerushaláyim"
"Q1218";"fr";"Jerusalem"
"Q801";"fr";"Israël"
"Q801";"fr";"État d'Israël"
"Q801";"fr";"Israel"
"Q801";"fr";"IL"
"Q801";"fr";"l’État d’Israël"
"Q801";"fr";"Isr."
"Q220";"fr";"Rome"
"Q220";"fr";"La ville éternelle"
"Q220";"fr";"La ville aux sept collines"
"Q220";"fr";"Roma"
"Q38";"fr";"Italie"
"Q38";"fr";"République Italienne"
"Q38";"fr";"Italia"
"Q38";"fr";"IT"
"Q38";"fr";"ITA"
"Q38";"fr";"la République italienne"
"Q38";"fr";"It."
"Q38";"fr";"Ital."
"Q38";"fr";"Ita."
"Q34692";"fr";"Kingston"
"Q34692";"fr";"Tinson"
"Q766";"fr";"Jamaïque"
"Q766";"fr";"Jamaique"
"Q766";"fr";"JM"
"Q766";"fr";"la Jamaïque"
"Q3805";"fr";"Amman"
"Q810";"fr";"Jordanie"
"Q810";"fr";"JO"
"Q810";"fr";"le Royaume hachémite de Jordanie"
"Q810";"fr";"Jord."
"Q1490";"fr";"Tokyo"
"Q1490";"fr";"métropole de Tokyo"
"Q1490";"fr";"Tokyo Metropolis"
"Q1490";"fr";"préfecture métropolitaine de Tokyo"
"Q1490";"fr";"Tokyo"
"Q1490";"fr";"Tôkyô"
"Q1490";"fr";"Tokyo-to"
"Q1490";"fr";"Tokyo-to"
"Q1490";"fr";"Tôkyô-to"
"Q1490";"fr";"préfecture de Tokyo"
"Q17";"fr";"Japon"
"Q17";"fr";"pays du soleil levant"
"Q17";"fr";"État du Japon"
"Q17";"fr";"JP"
"Q17";"fr";"le Japon"
"Q17";"fr";"Jap."
"Q1520";"fr";"Noursoultan"
"Q1520";"fr";"Astana"
"Q1520";"fr";"Akmola"
"Q1520";"fr";"Akmolinsk"
"Q1520";"fr";"Tselinograd"
"Q232";"fr";"Kazakhstan"
"Q232";"fr";"Kazakstan"
"Q232";"fr";"KAZ"
"Q232";"fr";"KZ"
"Q232";"fr";"la République du Kazakhstan"
"Q232";"fr";"Qazaqstan"
"Q232";"fr";"Kazakh."
"Q3870";"fr";"Nairobi"
"Q114";"fr";"Kenya"
"Q114";"fr";"Kénya"
"Q114";"fr";"KE"
"Q114";"fr";"la République du Kenya"
"Q9361";"fr";"Bichkek"
"Q813";"fr";"Kirghizistan"
"Q813";"fr";"Kirghizie"
"Q813";"fr";"Kirghizstan"
"Q813";"fr";"KG"
"Q813";"fr";"la République kirghize"
"Q1850";"fr";"Phnom Penh"
"Q424";"fr";"Cambodge"
"Q424";"fr";"Royaume du Cambodge"
"Q424";"fr";"KH"
"Q424";"fr";"le Royaume du Cambodge"
"Q131233";"fr";"Tarawa-Sud"
"Q131233";"fr";"Bairiki"
"Q131233";"fr";"Tarawa sud"
"Q710";"fr";"Kiribati"
"Q710";"fr";"Îles Gilbert"
"Q710";"fr";"république des Kiribati"
"Q710";"fr";"la république des Kiribati"
"Q710";"fr";"ki"
"Q41295";"fr";"Basseterre"
"Q763";"fr";"Saint-Christophe-et-Niévès"
"Q763";"fr";"Fédération de Saint-Christophe-et-Niévès"
"Q763";"fr";"Saint-Christophe-et-Nevis"
"Q763";"fr";"Saint-Kitts-et-Nevis"
"Q763";"fr";"Saint-Christopher-et-Nevis"
"Q763";"fr";"KN"
"Q763";"fr";"la fédération de Saint-Christophe-et-Niévès"
"Q8684";"fr";"Séoul"
"Q8684";"fr";"Seoul"
"Q8684";"fr";"Soul"
"Q8684";"fr";"Ville spéciale de Séoul"
"Q884";"fr";"Corée du Sud"
"Q884";"fr";"KOR"
"Q884";"fr";"République de Corée"
"Q884";"fr";"Corée Du Sud"
"Q884";"fr";"KR"
"Q884";"fr";"la République de Corée"
"Q884";"fr";"Cor. du Sud"
"Q25270";"fr";"Pristina"
"Q25270";"fr";"Prishtina"
"Q25270";"fr";"Prishtinë"
"Q25270";"fr";"Priština"
"Q25270";"fr";"Quartier de Dardania"
"Q1246";"fr";"Kosovo"
"Q1246";"fr";"Kossovo"
"Q1246";"fr";"XK"
"Q1246";"fr";"la République du Kosovo"
"Q35178";"fr";"Koweït"
"Q35178";"fr";"Koweit City"
"Q35178";"fr";"Kuwait City"
"Q35178";"fr";"Koweït City"
"Q35178";"fr";"Ville de Koweït"
"Q35178";"fr";"Koweit"
"Q817";"fr";"Koweït"
"Q817";"fr";"Kuwait"
"Q817";"fr";"Koweit (état)"
"Q817";"fr";"KW"
"Q817";"fr";"l’État du Koweït"
"Q9326";"fr";"Vientiane"
"Q819";"fr";"Laos"
"Q819";"fr";"République populaire démocratique du Laos"
"Q819";"fr";"LA"
"Q819";"fr";"la République démocratique populaire lao"
"Q3820";"fr";"Beyrouth"
"Q822";"fr";"Liban"
"Q3748";"fr";"Monrovia"
"Q1014";"fr";"Liberia"
"Q1014";"fr";"Libéria"
"Q1014";"fr";"LR"
"Q1014";"fr";"la République du Libéria"
"Q3579";"fr";"Tripoli"
"Q1016";"fr";"Libye"
"Q1016";"fr";"LY"
"Q1016";"fr";"l’État de Libye"
"Q41699";"fr";"Castries"
"Q760";"fr";"Sainte-Lucie"
"Q760";"fr";"LC"
"Q1844";"fr";"Vaduz"
"Q347";"fr";"Liechtenstein"
"Q347";"fr";"principauté de Liechtenstein"
"Q347";"fr";"LI"
"Q347";"fr";"la Principauté du Liechtenstein"
"Q35381";"fr";"Colombo"
"Q854";"fr";"Sri Lanka"
"Q854";"fr";"Ceylan"
"Q854";"fr";"Taprobane"
"Q854";"fr";"Serendib"
"Q854";"fr";"LK"
"Q854";"fr";"la République socialiste démocratique de Sri Lanka"
"Q854";"fr";"île de Ceylan"
"Q3909";"fr";"Maseru"
"Q1013";"fr";"Lesotho"
"Q1013";"fr";"LS"
"Q1013";"fr";"le Royaume du Lesotho"
"Q216";"fr";"Vilnius"
"Q216";"fr";"Vilna"
"Q216";"fr";"Wilna"
"Q216";"fr";"Wilno"
"Q216";"fr";"Wilnjus"
"Q216";"fr";"Wilnja"
"Q216";"fr";"Wilne"
"Q37";"fr";"Lituanie"
"Q37";"fr";"Lithuanie"
"Q37";"fr";"LT"
"Q37";"fr";"la République de Lituanie"
"Q1842";"fr";"Luxembourg"
"Q1842";"fr";"Ville de Luxembourg"
"Q1842";"fr";"Luxembourg-Ville"
"Q32";"fr";"Luxembourg"
"Q32";"fr";"Grand-Duché de Luxembourg"
"Q32";"fr";"Grand-duché de Luxembourg"
"Q32";"fr";"grand-duché de Luxembourg"
"Q32";"fr";"LUX"
"Q32";"fr";"LU"
"Q32";"fr";"<U+0001F1F1><U+0001F1FA>"
"Q32";"fr";"le Grand-Duché de Luxembourg"
"Q32";"fr";"Lux."
"Q1773";"fr";"Riga"
"Q211";"fr";"Lettonie"
"Q211";"fr";"LV"
"Q211";"fr";"la République de Lettonie"
"Q3551";"fr";"Rabat"
"Q1028";"fr";"Maroc"
"Q1028";"fr";"Royaume du Maroc"
"Q1028";"fr";"ma"
"Q1028";"fr";"MA"
"Q1028";"fr";"le Royaume du Maroc"
"Q55115";"fr";"Monaco-Ville"
"Q235";"fr";"Monaco"
"Q235";"fr";"Principauté de Monaco"
"Q235";"fr";"MON"
"Q235";"fr";"mc"
"Q235";"fr";"Fort-Hercule"
"Q235";"fr";"Monaco (rattachée au District de Menton en 1793)"
"Q235";"fr";"MC"
"Q235";"fr";"la Principauté de Monaco"
"Q21197";"fr";"Chi<U+0219>inau"
"Q21197";"fr";"<U+041A><U+0438><U+0448><U+0438><U+043D><U+0451><U+0432>"
"Q21197";"fr";"Kishinew"
"Q21197";"fr";"Chisinau"
"Q21197";"fr";"Kichiniov"
"Q21197";"fr";"Kishinev"
"Q21197";"fr";"Capitale de la Moldavie"
"Q21197";"fr";"Chisinau"
"Q21197";"fr";"Kischinev"
"Q21197";"fr";"Kishinyov"
"Q21197";"fr";"Kichinev"
"Q21197";"fr";"Chisinau"
"Q21197";"fr";"Chisinau"
"Q217";"fr";"Moldavie"
"Q217";"fr";"Moldova"
"Q217";"fr";"République de Moldavie"
"Q217";"fr";"République de Moldova"
"Q217";"fr";"md"
"Q217";"fr";"MD"
"Q217";"fr";"la République de Moldavie"
"Q3915";"fr";"Antananarivo"
"Q3915";"fr";"Tananarive"
"Q3915";"fr";"Iarivo"
"Q1019";"fr";"Madagascar"
"Q1019";"fr";"MG"
"Q1019";"fr";"la République de Madagascar"
"Q9347";"fr";"Malé"
"Q826";"fr";"Maldives"
"Q826";"fr";"îles Maldives"
"Q826";"fr";"MV"
"Q826";"fr";"la République des Maldives"
"Q1489";"fr";"Mexico"
"Q1489";"fr";"ville de Mexico"
"Q1489";"fr";"Ciudad de México"
"Q1489";"fr";"Mexico City"
"Q1489";"fr";"Cité du Mexique"
"Q1489";"fr";"Cité de Mexico"
"Q96";"fr";"Mexique"
"Q96";"fr";"États-Unis mexicains"
"Q96";"fr";"États-Unis du Mexique"
"Q96";"fr";"MX"
"Q96";"fr";"Mex."
"Q96";"fr";"<U+0001F1F2><U+0001F1FD>"
"Q12919";"fr";"Majuro"
"Q709";"fr";"Îles Marshall"
"Q709";"fr";"république des Îles Marshall"
"Q709";"fr";"Marshall"
"Q709";"fr";"MH"
"Q709";"fr";"la République des Îles Marshall"
"Q384";"fr";"Skopje"
"Q384";"fr";"Skopié"
"Q221";"fr";"Macédoine du Nord"
"Q221";"fr";"ARYM"
"Q221";"fr";"FYROM"
"Q221";"fr";"L'Ancienne République yougoslave de Macédoine"
"Q221";"fr";"L'ex-République yougoslave de Macédoine"
"Q221";"fr";"Macédoine"
"Q221";"fr";"République de Macédoine"
"Q221";"fr";"mk"
"Q221";"fr";"Macédoine Du Nord"
"Q221";"fr";"MK"
"Q221";"fr";"la République de Macédoine du Nord"
"Q3703";"fr";"Bamako"
"Q912";"fr";"Mali"
"Q912";"fr";"République du Mali"
"Q912";"fr";"ML"
"Q912";"fr";"la République du Mali"
"Q23800";"fr";"La Valette"
"Q23800";"fr";"Valletta"
"Q23800";"fr";"Citta' Umilissima"
"Q23800";"fr";"La Vallette"
"Q23800";"fr";"Il-Belt"
"Q23800";"fr";"Ville de la Valette"
"Q23800";"fr";"Citta Umilissima"
"Q233";"fr";"Malte"
"Q233";"fr";"MT"
"Q233";"fr";"la République de Malte"
"Q37400";"fr";"Naypyidaw"
"Q37400";"fr";"Nay Pyi Daw"
"Q37400";"fr";"Pyinmana"
"Q37400";"fr";"Naypidaw"
"Q37400";"fr";"<U+1014><U+1031><U+1015><U+103C><U+100A><U+103A><U+1010><U+1031><U+102C><U+103A>"
"Q836";"fr";"Birmanie"
"Q836";"fr";"République de l'Union du Myanmar"
"Q836";"fr";"Myanmar"
"Q836";"fr";"MM"
"Q836";"fr";"La République de l’Union de Birmanie"
"Q23564";"fr";"Podgorica"
"Q23564";"fr";"Titograd"
"Q23564";"fr";"Pogdorica"
"Q23564";"fr";"Podgorica"
"Q236";"fr";"Monténégro"
"Q236";"fr";"Montenegro"
"Q236";"fr";"ME"
"Q236";"fr";"le Monténégro"
"Q236";"fr";"Montén."
"Q23430";"fr";"Oulan-Bator"
"Q23430";"fr";"Ulaanbaatar"
"Q23430";"fr";"<U+0423><U+043B><U+0430><U+0430><U+043D><U+0431><U+0430><U+0430><U+0442><U+0430><U+0440>"
"Q23430";"fr";"Ourga"
"Q23430";"fr";"Oulan Bator"
"Q23430";"fr";"Ulan-Bator"
"Q23430";"fr";"Ulaan Baatar"
"Q23430";"fr";"Örgöö"
"Q23430";"fr";"Nomyn khüree"
"Q23430";"fr";"Ikh khüree"
"Q23430";"fr";"Niislel khüree"
"Q23430";"fr";"Oulan-bator"
"Q711";"fr";"Mongolie"
"Q711";"fr";"MN"
"Q711";"fr";"MNG"
"Q711";"fr";"MGL"
"Q711";"fr";"Mongol uls"
"Q711";"fr";"Mongolie-extérieure"
"Q3889";"fr";"Maputo"
"Q3889";"fr";"Lourenço Marques"
"Q1029";"fr";"Mozambique"
"Q1029";"fr";"république du Mozambique"
"Q1029";"fr";"MZ"
"Q1029";"fr";"la République du Mozambique"
"Q1029";"fr";"Moz."
"Q3688";"fr";"Nouakchott"
"Q1025";"fr";"Mauritanie"
"Q1025";"fr";"République islamique de Mauritanie"
"Q1025";"fr";"MR"
"Q1025";"fr";"la République islamique de Mauritanie"
"Q3929";"fr";"Port-Louis"
"Q3929";"fr";"Port-louis"
"Q1027";"fr";"Maurice"
"Q1027";"fr";"République de Maurice"
"Q1027";"fr";"île Maurice"
"Q1027";"fr";"MU"
"Q1027";"fr";"la République de Maurice"
"Q3876";"fr";"Lilongwe"
"Q1020";"fr";"Malawi"
"Q1020";"fr";"République du Malawi"
"Q1020";"fr";"MW"
"Q1020";"fr";"la République du Malawi"
"Q1865";"fr";"Kuala Lumpur"
"Q833";"fr";"Malaisie"
"Q833";"fr";"MAS"
"Q833";"fr";"MY"
"Q833";"fr";"my"
"Q833";"fr";"Fédération de Malaisie"
"Q833";"fr";"Fédération malaise"
"Q833";"fr";"MYS"
"Q3935";"fr";"Windhoek"
"Q1030";"fr";"Namibie"
"Q1030";"fr";"République de Namibie"
"Q1030";"fr";"NA"
"Q1030";"fr";"la République de Namibie"
"Q3674";"fr";"Niamey"
"Q3674";"fr";"Ville de Niamey"
"Q1032";"fr";"Niger"
"Q1032";"fr";"République du Niger"
"Q1032";"fr";"NIG"
"Q1032";"fr";"NE"
"Q1032";"fr";"ne"
"Q1032";"fr";"<U+0001F1F3><U+0001F1EA>"
"Q1032";"fr";"la République du Niger"
"Q3787";"fr";"Abuja"
"Q1033";"fr";"Nigeria"
"Q1033";"fr";"Nigéria"
"Q1033";"fr";"NGR"
"Q1033";"fr";"NGA"
"Q1033";"fr";"NG"
"Q1033";"fr";"ng"
"Q1033";"fr";"<U+0001F1F3><U+0001F1EC>"
"Q1033";"fr";"RFN"
"Q1033";"fr";"République fédérale du Nigeria"
"Q1033";"fr";"République fédérale du Nigéria"
"Q1033";"fr";"République fédérale nigériane"
"Q1033";"fr";"la République fédérale du Nigéria"
"Q3274";"fr";"Managua"
"Q811";"fr";"Nicaragua"
"Q811";"fr";"République du Nicaragua"
"Q811";"fr";"République nicaraguayenne"
"Q811";"fr";"NI"
"Q811";"fr";"ni"
"Q811";"fr";"<U+0001F1F3><U+0001F1EE>"
"Q811";"fr";"NIC"
"Q811";"fr";"NCA"
"Q811";"fr";"la République du Nicaragua"
"Q727";"fr";"Amsterdam"
"Q29999";"fr";"Royaume des Pays-Bas"
"Q29999";"fr";"NL"
"Q29999";"fr";"royaume des Pays Bas"
"Q29999";"fr";"Pays-Bas"
"Q585";"fr";"Oslo"
"Q585";"fr";"Christiania"
"Q585";"fr";"Kristiania"
"Q20";"fr";"Norvège"
"Q20";"fr";"Royaume de Norvège"
"Q20";"fr";"<U+0001F1F3><U+0001F1F4>"
"Q20";"fr";"NO"
"Q20";"fr";"NOR"
"Q20";"fr";"le Royaume de Norvège"
"Q20";"fr";"Norv."
"Q3037";"fr";"Katmandou"
"Q837";"fr";"Népal"
"Q837";"fr";"République démocratique fédérale du Népal"
"Q837";"fr";"NPL"
"Q837";"fr";"NP"
"Q837";"fr";"np"
"Q837";"fr";"<U+0001F1F3><U+0001F1F5>"
"Q837";"fr";"NEP"
"Q837";"fr";"la République démocratique fédérale du Népal"
"Q31026";"fr";"Yaren"
"Q31026";"fr";"Makwa"
"Q31026";"fr";"Jarren"
"Q697";"fr";"Nauru"
"Q697";"fr";"NR"
"Q697";"fr";"la République de Nauru"
"Q23661";"fr";"Wellington"
"Q23661";"fr";"Wellington District"
"Q23661";"fr";"Wellington City"
"Q23661";"fr";"District de Wellington"
"Q664";"fr";"Nouvelle-Zélande"
"Q664";"fr";"Nouvelle-zélande"
"Q664";"fr";"NZ"
"Q664";"fr";"la Nouvelle-Zélande"
"Q664";"fr";"Aotearoa"
"Q3826";"fr";"Mascate"
"Q3826";"fr";"Muscat"
"Q3826";"fr";"Masqat"
"Q842";"fr";"Oman"
"Q842";"fr";"Sultanat d’Oman"
"Q842";"fr";"OMA"
"Q842";"fr";"OM"
"Q842";"fr";"om"
"Q842";"fr";"<U+0001F1F4><U+0001F1F2>"
"Q842";"fr";"le Sultanat d’Oman"
"Q79863";"fr";"Tskhinvali"
"Q79863";"fr";"Tskhinval"
"Q79863";"fr";"Staliniri"
"Q79863";"fr";"<U+0426><U+0445><U+0438><U+043D><U+0432><U+0430><U+043B>"
"Q79863";"fr";"Chreba"
"Q79863";"fr";"<U+10EA><U+10EE><U+10D8><U+10DC><U+10D5><U+10D0><U+10DA><U+10D8>"
"Q79863";"fr";"Tshinvali"
"Q23427";"fr";"Ossétie du Sud-Alanie"
"Q23427";"fr";"Ossétie-du-Sud"
"Q23427";"fr";"République d'Ossétie du Sud"
"Q23427";"fr";"<U+10E1><U+10D0><U+10DB><U+10EE><U+10E0><U+10D4><U+10D7><U+10D8> <U+10DD><U+10E1><U+10D4><U+10D7><U+10D8><U+10D0>"
"Q23427";"fr";"<U+10E1><U+10D0><U+10DB><U+10EE><U+10E0><U+10D4><U+10D7> <U+10DD><U+10E1><U+10D4><U+10D7><U+10D8>"
"Q23427";"fr";"<U+0420><U+0435><U+0441><U+043F><U+0443><U+0431><U+043B><U+0438><U+043A><U+0430> <U+042E><U+0436><U+043D><U+0430><U+044F> <U+041E><U+0441><U+0435><U+0442><U+0438><U+044F>"
"Q23427";"fr";"<U+0420><U+0435><U+0441><U+043F><U+0443><U+0431><U+043B><U+0438><U+043A>æ <U+0425><U+0443><U+0441><U+0441><U+0430><U+0440> <U+0418><U+0440><U+044B><U+0441><U+0442><U+043E><U+043D>"
"Q23427";"fr";"Ossetie-du-Sud"
"Q23427";"fr";"<U+0420><U+0435><U+0441><U+043F><U+0443><U+0431><U+043B><U+0438><U+043A><U+04D5> <U+0425><U+0443><U+0441><U+0441><U+0430><U+0440> <U+0418><U+0440><U+044B><U+0441><U+0442><U+043E><U+043D>"
"Q1362";"fr";"Islamabad"
"Q843";"fr";"Pakistan"
"Q843";"fr";"République islamique du Pakistan"
"Q843";"fr";"PAK"
"Q843";"fr";"PK"
"Q843";"fr";"pk"
"Q843";"fr";"<U+0001F1F5><U+0001F1F0>"
"Q843";"fr";"la République islamique du Pakistan"
"Q3306";"fr";"Panama"
"Q804";"fr";"Panama"
"Q804";"fr";"République de Panama"
"Q804";"fr";"PAN"
"Q804";"fr";"PA"
"Q804";"fr";"pa"
"Q804";"fr";"<U+0001F1F5><U+0001F1E6>"
"Q804";"fr";"PM"
"Q804";"fr";"la République du Panama"
"Q2868";"fr";"Lima"
"Q419";"fr";"Pérou"
"Q419";"fr";"République du Pérou"
"Q419";"fr";"PER"
"Q419";"fr";"PE"
"Q419";"fr";"pe"
"Q419";"fr";"<U+0001F1F5><U+0001F1EA>"
"Q1461";"fr";"Manille"
"Q1461";"fr";"Ville de Manille"
"Q928";"fr";"Philippines"
"Q928";"fr";"République des Philippines"
"Q928";"fr";"Îles Philippines"
"Q928";"fr";"PHL"
"Q928";"fr";"PH"
"Q928";"fr";"<U+0001F1F5><U+0001F1ED>"
"Q928";"fr";"PHI"
"Q928";"fr";"RP"
"Q928";"fr";"ph"
"Q928";"fr";"la République des Philippines"
"Q928";"fr";"Phil."
"Q515229";"fr";"Ngerulmud"
"Q695";"fr";"Palaos"
"Q695";"fr";"Palau"
"Q695";"fr";"Belau"
"Q695";"fr";"PW"
"Q695";"fr";"la République des Palaos"
"Q36526";"fr";"Port Moresby"
"Q36526";"fr";"Port-Moresby"
"Q36526";"fr";"Pot Mosbi"
"Q691";"fr";"Papouasie-Nouvelle-Guinée"
"Q691";"fr";"État indépendant de Papouasie-Nouvelle-Guinée"
"Q691";"fr";"PNG"
"Q691";"fr";"pg"
"Q691";"fr";"Papouasie-nouvelle- Guinée"
"Q691";"fr";"PG"
"Q691";"fr";"l’État indépendant de Papouasie- Nouvelle-Guinée"
"Q691";"fr";"<U+0001F1F5><U+0001F1EC>"
"Q270";"fr";"Varsovie"
"Q36";"fr";"Pologne"
"Q36";"fr";"République de Pologne"
"Q36";"fr";"République polonaise"
"Q36";"fr";"PL"
"Q36";"fr";"POL"
"Q36";"fr";"la République de Pologne"
"Q36";"fr";"Pol."
"Q18808";"fr";"Pyongyang"
"Q18808";"fr";"P'yongyang"
"Q18808";"fr";"Phyongyang"
"Q18808";"fr";"Pyeongyang"
"Q423";"fr";"Corée du Nord"
"Q423";"fr";"République populaire démocratique de Corée"
"Q423";"fr";"RPDC"
"Q423";"fr";"PRK"
"Q423";"fr";"kp"
"Q423";"fr";"<U+0001F1F0><U+0001F1F5>"
"Q423";"fr";"République populaire de Corée"
"Q423";"fr";"Corée Du Nord"
"Q423";"fr";"KP"
"Q423";"fr";"la République populaire démocratique de Corée"
"Q597";"fr";"Lisbonne"
"Q597";"fr";"Lisboa"
"Q45";"fr";"Portugal"
"Q45";"fr";"PT"
"Q45";"fr";"la République portugaise"
"Q2933";"fr";"Asuncion"
"Q2933";"fr";"Assomption"
"Q2933";"fr";"La Muy Noble y Leal Ciudad de Nuestra Señora Santa María de la Asunción"
"Q2933";"fr";"Asunción"
"Q733";"fr";"Paraguay"
"Q733";"fr";"République du Paraguay"
"Q733";"fr";"PAR"
"Q733";"fr";"PY"
"Q733";"fr";"py"
"Q733";"fr";"<U+0001F1F5><U+0001F1FE>"
"Q733";"fr";"Cœur de l’Amérique du Sud"
"Q733";"fr";"la République du Paraguay"
"Q158119";"fr";"Ramallah"
"Q47492";"fr";"Gaza"
"Q47492";"fr";"'Azza"
"Q47492";"fr";"ville de Gaza"
"Q47492";"fr";"Gaza City"
"Q407199";"fr";"Territoires palestiniens"
"Q407199";"fr";"Territoires palestiniens occupés"
"Q407199";"fr";"TPO"
"Q407199";"fr";"Cisjordanie et Gaza"
"Q407199";"fr";"Territoire palestinien occupé"
"Q36678";"fr";"Cisjordanie"
"Q36678";"fr";"Cisjordanie occupée"
"Q36678";"fr";"Judée et Samarie"
"Q36678";"fr";"Judée-Samarie"
"Q39760";"fr";"bande de Gaza"
"Q3861";"fr";"Doha"
"Q846";"fr";"Qatar"
"Q846";"fr";"Katar"
"Q846";"fr";"QA"
"Q846";"fr";"l’État du Qatar"
"Q846";"fr";"Qa."
"Q19660";"fr";"Bucarest"
"Q19660";"fr";"Bucharest"
"Q19660";"fr";"Capitale de la Roumanie"
"Q19660";"fr";"Municipalité de Bucarest"
"Q19660";"fr";"Bucuresti"
"Q218";"fr";"Roumanie"
"Q218";"fr";"RO"
"Q218";"fr";"la Roumanie"
"Q218";"fr";"Roum."
"Q649";"fr";"Moscou"
"Q159";"fr";"Russie"
"Q159";"fr";"RU"
"Q159";"fr";"ru"
"Q159";"fr";"Rus."
"Q159";"fr";"Fédération de Russie"
"Q3859";"fr";"Kigali"
"Q1037";"fr";"Rwanda"
"Q1037";"fr";"République Rwandaise"
"Q1037";"fr";"RW"
"Q1037";"fr";"la République du Rwanda"
"Q3692";"fr";"Riyad"
"Q3692";"fr";"ar-Riya<U+1E0D>"
"Q851";"fr";"Arabie saoudite"
"Q851";"fr";"Royaume d’Arabie saoudite"
"Q851";"fr";"Arabie Saoudite"
"Q851";"fr";"Arabie séoudite"
"Q851";"fr";"Arabie Séoudite"
"Q851";"fr";"SA"
"Q851";"fr";"le Royaume d’Arabie saoudite"
"Q1963";"fr";"Khartoum"
"Q1049";"fr";"Soudan"
"Q1049";"fr";"SD"
"Q1049";"fr";"la République du Soudan"
"Q3718";"fr";"Dakar"
"Q1041";"fr";"Sénégal"
"Q1041";"fr";"république du Sénégal"
"Q1041";"fr";"SN"
"Q1041";"fr";"la République du Sénégal"
"Q1041";"fr";"Sén."
"Q334";"fr";"Singapour"
"Q334";"fr";"SG"
"Q334";"fr";"République de Singapour"
"Q334";"fr";"Singapour"
"Q334";"fr";"SG"
"Q334";"fr";"République de Singapour"
"Q40921";"fr";"Honiara"
"Q685";"fr";"Îles Salomon"
"Q685";"fr";"îles Salomon"
"Q685";"fr";"Salomon"
"Q685";"fr";"SB"
"Q685";"fr";"les Îles Salomon"
"Q3780";"fr";"Freetown"
"Q1044";"fr";"Sierra Leone"
"Q1044";"fr";"SL"
"Q1044";"fr";"la République de Sierra Leone"
"Q3110";"fr";"San Salvador"
"Q792";"fr";"Salvador"
"Q792";"fr";"El Salvador"
"Q792";"fr";"SV"
"Q792";"fr";"la République du Salvador"
"Q1848";"fr";"Saint-Marin"
"Q238";"fr";"Saint-Marin"
"Q238";"fr";"République de Saint-Marin"
"Q238";"fr";"Saint-marin"
"Q238";"fr";"SM"
"Q238";"fr";"la République de Saint-Marin"
"Q2449";"fr";"Mogadiscio"
"Q1045";"fr";"Somalie"
"Q1045";"fr";"SO"
"Q1045";"fr";"la République fédérale de Somalie"
"Q3711";"fr";"Belgrade"
"Q403";"fr";"Serbie"
"Q403";"fr";"RS"
"Q403";"fr";"la République de Serbie"
"Q1947";"fr";"Djouba"
"Q958";"fr";"Soudan du Sud"
"Q958";"fr";"République du Soudan du Sud"
"Q958";"fr";"Sud-Soudan"
"Q958";"fr";"Soudan Du Sud"
"Q958";"fr";"SS"
"Q958";"fr";"la République du Soudan du Sud"
"Q3932";"fr";"São Tomé"
"Q3932";"fr";"Saint-Thomas"
"Q3932";"fr";"Sao Tomé"
"Q1039";"fr";"Sao Tomé-et-Principe"
"Q1039";"fr";"São Tomé et Príncipe"
"Q1039";"fr";"São Tomé e Príncipe"
"Q1039";"fr";"Saint-Thomas-et-Prince"
"Q1039";"fr";"Saint-Thomas-et-Île-du-Prince"
"Q1039";"fr";"ST"
"Q1039";"fr";"la République démocratique de Sao Tomé-et-Principe"
"Q1039";"fr";"Sao Tomé-et-principe"
"Q1039";"fr";"Sao Tomé-et-Pr."
"Q3001";"fr";"Paramaribo"
"Q730";"fr";"Suriname"
"Q730";"fr";"Surinam"
"Q730";"fr";"SR"
"Q730";"fr";"République du Suriname"
"Q730";"fr";"République du Surinam"
"Q1780";"fr";"Bratislava"
"Q1780";"fr";"Presbourg"
"Q1780";"fr";"Pozsony (hu)"
"Q1780";"fr";"Posonie"
"Q214";"fr";"Slovaquie"
"Q214";"fr";"République slovaque"
"Q214";"fr";"SK"
"Q214";"fr";"la République slovaque"
"Q437";"fr";"Ljubljana"
"Q437";"fr";"Lioubiana"
"Q437";"fr";"Lioubliana"
"Q437";"fr";"Loubiana"
"Q437";"fr";"Laibach"
"Q437";"fr";"Laybach"
"Q437";"fr";"Aemona"
"Q215";"fr";"Slovénie"
"Q215";"fr";"République de Slovénie"
"Q215";"fr";"SI"
"Q215";"fr";"la République de Slovénie"
"Q1754";"fr";"Stockholm"
"Q1754";"fr";"STHLM"
"Q34";"fr";"Suède"
"Q34";"fr";"SE"
"Q34";"fr";"le Royaume de Suède"
"Q3904";"fr";"Mbabane"
"Q1050";"fr";"Eswatini"
"Q1050";"fr";"<U+0001F1F8><U+0001F1FF>"
"Q1050";"fr";"SWZ"
"Q1050";"fr";"sz"
"Q1050";"fr";"Royaume d'Eswatini"
"Q1050";"fr";"Ngwané"
"Q1050";"fr";"Royaume du Swaziland"
"Q1050";"fr";"SZ"
"Q3940";"fr";"Victoria"
"Q1042";"fr";"Seychelles"
"Q1042";"fr";"République des Seychelles"
"Q1042";"fr";"Repiblik Sesel"
"Q1042";"fr";"<U+0001F1F8><U+0001F1E8>"
"Q1042";"fr";"sc"
"Q1042";"fr";"SEY"
"Q1042";"fr";"SC"
"Q1042";"fr";"la République des Seychelles"
"Q3766";"fr";"Damas"
"Q3766";"fr";"Dimashq ach-Cham"
"Q3766";"fr";"Dimashq"
"Q858";"fr";"Syrie"
"Q858";"fr";"République arabe syrienne"
"Q858";"fr";"SY"
"Q3659";"fr";"N'Djaména"
"Q3659";"fr";"Ndjamena"
"Q657";"fr";"Tchad"
"Q657";"fr";"République du Tchad"
"Q657";"fr";"TD"
"Q657";"fr";"la République du Tchad"
"Q3792";"fr";"Lomé"
"Q945";"fr";"Togo"
"Q945";"fr";"République togolaise"
"Q945";"fr";"TG"
"Q945";"fr";"la République togolaise"
"Q1861";"fr";"Bangkok"
"Q1861";"fr";"Krung Thep"
"Q1861";"fr";"Krungthepmahanakhon Amonrattanakosin Mahintharayutthaya Mahadilokphop Noppharatratchathaniburirom Udomratchaniwetmahasathan Amonphimanawatansathit Sakkathattiyawitsanukamprasit"
"Q1861";"fr";"Krung Thep Maha Nakhon"
"Q869";"fr";"Thaïlande"
"Q869";"fr";"Royaume de Thaïlande"
"Q869";"fr";"Thailande"
"Q869";"fr";"Royaume de Thailande"
"Q869";"fr";"Siam"
"Q869";"fr";"<U+0001F1F9><U+0001F1ED>"
"Q869";"fr";"th"
"Q869";"fr";"THA"
"Q869";"fr";"Thaïl."
"Q869";"fr";"Thaïl"
"Q9365";"fr";"Douchanbé"
"Q9365";"fr";"Stalinabad"
"Q863";"fr";"Tadjikistan"
"Q863";"fr";"TJ"
"Q863";"fr";"la République du Tadjikistan"
"Q23438";"fr";"Achgabat"
"Q23438";"fr";"Ashgabad"
"Q23438";"fr";"Poltoratsk"
"Q23438";"fr";"Ashgabat"
"Q23438";"fr";"Achkabad"
"Q23438";"fr";"Achgabad"
"Q23438";"fr";"Ashkhabad"
"Q23438";"fr";"Ashkabad"
"Q23438";"fr";"Achkhabad"
"Q23438";"fr";"Asgabat"
"Q874";"fr";"Turkménistan"
"Q874";"fr";"Turkménie"
"Q9310";"fr";"Dili"
"Q574";"fr";"Timor oriental"
"Q574";"fr";"Timor-Oriental"
"Q574";"fr";"Timor-Leste"
"Q574";"fr";"République démocratique du Timor oriental"
"Q574";"fr";"République démocratique du Timor-Oriental"
"Q574";"fr";"République démocratique du Timor-Leste"
"Q574";"fr";"Timor Oriental"
"Q574";"fr";"TL"
"Q574";"fr";"la République démocratique du Timor oriental"
"Q38834";"fr";"Nuku<U+02BB>alofa"
"Q38834";"fr";"Nukualofa"
"Q38834";"fr";"Nuku'alofa"
"Q38834";"fr";"Nuku’alofa"
"Q678";"fr";"Tonga"
"Q678";"fr";"TO"
"Q678";"fr";"le Royaume des Tonga"
"Q39178";"fr";"Port-d'Espagne"
"Q39178";"fr";"Port d'Espagne"
"Q39178";"fr";"Port-of-Spain"
"Q39178";"fr";"Port of Spain"
"Q39178";"fr";"TTPP"
"Q39178";"fr";"Port-d’espagne"
"Q754";"fr";"Trinité-et-Tobago"
"Q754";"fr";"République de Trinité-et-Tobago"
"Q754";"fr";"Trinidad and Tobago"
"Q754";"fr";"Trinité et Tobago"
"Q754";"fr";"<U+0001F1F9><U+0001F1F9>"
"Q754";"fr";"Trinité-et-tobago"
"Q754";"fr";"TT"
"Q754";"fr";"la République de Trinité-et-Tobago"
"Q3572";"fr";"Tunis"
"Q948";"fr";"Tunisie"
"Q948";"fr";"TN"
"Q948";"fr";"Tun."
"Q948";"fr";"République tunisienne"
"Q3640";"fr";"Ankara"
"Q3640";"fr";"Ankara"
"Q43";"fr";"Turquie"
"Q43";"fr";"République de Turquie"
"Q43";"fr";"République turque"
"Q43";"fr";"tr"
"Q43";"fr";"TR"
"Q43";"fr";"la République de Turquie"
"Q43";"fr";"Turq."
"Q34126";"fr";"Funafuti"
"Q34126";"fr";"Vaiaku"
"Q672";"fr";"Tuvalu"
"Q672";"fr";"État des Tuvalu"
"Q672";"fr";"TV"
"Q672";"fr";"les Tuvalu"
"Q1867";"fr";"Taipei"
"Q1867";"fr";"Taibei"
"Q865";"fr";"Taïwan"
"Q865";"fr";"Chine nationaliste"
"Q865";"fr";"RDC"
"Q865";"fr";"république de Chine"
"Q865";"fr";"république nationaliste de Chine"
"Q865";"fr";"<U+0001F1F9><U+0001F1FC>"
"Q865";"fr";"Taiwan"
"Q865";"fr";"TW"
"Q3866";"fr";"Dodoma"
"Q924";"fr";"Tanzanie"
"Q924";"fr";"République unie de Tanzanie"
"Q924";"fr";"République-unie de Tanzanie"
"Q924";"fr";"TZ"
"Q924";"fr";"la République unie de Tanzanie"
"Q3894";"fr";"Kampala"
"Q1036";"fr";"Ouganda"
"Q1036";"fr";"UG"
"Q1036";"fr";"République d'Ouganda"
"Q1899";"fr";"Kiev"
"Q1899";"fr";"<U+041A><U+0438><U+0457><U+0432>"
"Q1899";"fr";"Kyiv"
"Q212";"fr";"Ukraine"
"Q212";"fr";"UA"
"Q212";"fr";"Ukr."
"Q1335";"fr";"Montevideo"
"Q1335";"fr";"San Felipe y Santiago de Montevideo"
"Q77";"fr";"Uruguay"
"Q77";"fr";"UY"
"Q77";"fr";"la République orientale de l’Uruguay"
"Q61";"fr";"Washington"
"Q61";"fr";"Washington, district de Columbia"
"Q61";"fr";"Washington D.C."
"Q61";"fr";"Washington DC"
"Q61";"fr";"Washington, D.C."
"Q30";"fr";"États-Unis"
"Q30";"fr";"USA"
"Q30";"fr";"US"
"Q30";"fr";"Les États"
"Q30";"fr";"Oncle Sam"
"Q30";"fr";"Amérique"
"Q30";"fr";"Etats-Unis"
"Q30";"fr";"States"
"Q30";"fr";"États-Unis d'Amérique"
"Q30";"fr";"pays de l'Oncle Sam"
"Q30";"fr";"les États-Unis d’Amérique"
"Q30";"fr";"États-unis"
"Q30";"fr";"É.-U."
"Q30";"fr";"É-U"
"Q30";"fr";"É-U."
"Q30";"fr";"E.-U."
"Q30";"fr";"É.U."
"Q269";"fr";"Tachkent"
"Q265";"fr";"Ouzbékistan"
"Q265";"fr";"UZ"
"Q265";"fr";"la République d’Ouzbékistan"
"Q237";"fr";"Cité du Vatican"
"Q237";"fr";"État de la Cité du Vatican"
"Q237";"fr";"va"
"Q237";"fr";"Vatican"
"Q237";"fr";"<U+0001F1FB><U+0001F1E6>"
"Q237";"fr";"VA"
"Q237";"fr";"Cité du Vatican"
"Q237";"fr";"État de la Cité du Vatican"
"Q237";"fr";"va"
"Q237";"fr";"Vatican"
"Q237";"fr";"<U+0001F1FB><U+0001F1E6>"
"Q237";"fr";"VA"
"Q159583";"fr";"Saint-Siège"
"Q159583";"fr";"Saint Siège"
"Q159583";"fr";"Saint-Siège de Rome"
"Q159583";"fr";"Saint siege"
"Q159583";"fr";"Chaire de Pierre"
"Q159583";"fr";"Saint-Siege"
"Q159583";"fr";"Sancta Sedes"
"Q159583";"fr";"Siège pontifical"
"Q159583";"fr";"Santa Sede"
"Q159583";"fr";"Siège de Pierre"
"Q41474";"fr";"Kingstown"
"Q757";"fr";"Saint-Vincent-et-les-Grenadines"
"Q757";"fr";"SVG"
"Q757";"fr";"VC"
"Q757";"fr";"<U+0001F1FB><U+0001F1E8>"
"Q1533";"fr";"Caracas"
"Q717";"fr";"Venezuela"
"Q717";"fr";"Vénézuéla"
"Q717";"fr";"Vénézuela"
"Q717";"fr";"République bolivarienne du Venezuela"
"Q717";"fr";"VE"
"Q717";"fr";"la République bolivarienne du Vénézuéla"
"Q1858";"fr";"Hanoï"
"Q1858";"fr";"Hanoi"
"Q1858";"fr";"Hà N<U+1ED9>i"
"Q881";"fr";"Viêt Nam"
"Q881";"fr";"Viet Nam"
"Q881";"fr";"Vietnam"
"Q881";"fr";"Viet-Nam"
"Q881";"fr";"Viêt-Nam"
"Q881";"fr";"Viêtnam"
"Q881";"fr";"VN"
"Q881";"fr";"la République socialiste du Vietnam"
"Q881";"fr";"<U+0001F1FB><U+0001F1F3>"
"Q881";"fr";"Vi<U+1EC7>t Nam"
"Q37806";"fr";"Port-Vila"
"Q37806";"fr";"Port Vila"
"Q37806";"fr";"Port-vila"
"Q686";"fr";"Vanuatu"
"Q686";"fr";"République de Vanuatu"
"Q686";"fr";"VU"
"Q686";"fr";"la République du Vanuatu"
"Q36260";"fr";"Apia"
"Q36260";"fr";"Faleolo"
"Q683";"fr";"Samoa"
"Q683";"fr";"Samoa occidentales"
"Q683";"fr";"WS"
"Q683";"fr";"l’État indépendant des Samoa"
"Q2471";"fr";"Sanaa"
"Q2471";"fr";"Sanaa"
"Q805";"fr";"Yémen"
"Q805";"fr";"YE"
"Q805";"fr";"la République du Yémen"
"Q3926";"fr";"Pretoria"
"Q258";"fr";"Afrique du Sud"
"Q258";"fr";"République sud-africaine"
"Q258";"fr";"République d’Afrique du Sud"
"Q258";"fr";"république sud-africaine"
"Q258";"fr";"république d’Afrique du Sud"
"Q3881";"fr";"Lusaka"
"Q953";"fr";"Zambie"
"Q953";"fr";"zm"
"Q953";"fr";"ZM"
"Q953";"fr";"la République de Zambie"
"Q3921";"fr";"Harare"
"Q954";"fr";"Zimbabwe"
"Q954";"fr";"ZW"
"Q954";"fr";"la République du Zimbabwe"
